Maquina,Start,End,Producto,Demanda,task_mode,paso,delta,Activity
MAQ118,1,23,ROK ELASTIC,1,Harden[2] TM1,0,22,MAQ118|ROK ELASTIC|1|Harden[2] TM1|0
MAQ118,24,35,GORGORÃO RIBBON W/ INSCR,1,Ironing TM4,0,11,MAQ118|GORGORÃO RIBBON W/ INSCR|1|Ironing TM4|0
MAQ118,36,47,GORGORÃO RIBBON,3,Ironing TM4,0,11,MAQ118|GORGORÃO RIBBON|3|Ironing TM4|0
MAQ118,48,59,WOVEN LABEL OURELA FABRIC,0,Ironing TM4,0,11,MAQ118|WOVEN LABEL OURELA FABRIC|0|Ironing TM4|0
MAQ118,61,72,GORGORÃO RIBBON,11,Ironing TM4,0,11,MAQ118|GORGORÃO RIBBON|11|Ironing TM4|0
MAQ118,73,77,SMOOTH ELASTIC(A),1,Harden[0.5] TM4,0,4,MAQ118|SMOOTH ELASTIC(A)|1|Harden[0.5] TM4|0
MAQ118,82,86,SMOOTH ELASTIC(A),0,Harden[0.5] TM4,0,4,MAQ118|SMOOTH ELASTIC(A)|0|Harden[0.5] TM4|0
MAQ118,87,98,ESTORE RIBBON,2,Ironing TM4,0,11,MAQ118|ESTORE RIBBON|2|Ironing TM4|0
MAQ118,99,121,ROK ELASTIC,2,Harden[2] TM1,0,22,MAQ118|ROK ELASTIC|2|Harden[2] TM1|0
MAQ118,122,133,WOVEN LABEL OURELA CUT,0,Ironing TM4,0,11,MAQ118|WOVEN LABEL OURELA CUT|0|Ironing TM4|0
MAQ118,134,138,SMOOTH ELASTIC(A),4,Harden[0.5] TM4,0,4,MAQ118|SMOOTH ELASTIC(A)|4|Harden[0.5] TM4|0
MAQ118,141,152,GORGORÃO RIBBON,0,Ironing TM4,0,11,MAQ118|GORGORÃO RIBBON|0|Ironing TM4|0
MAQ118,154,165,GORGORÃO RIBBON,9,Ironing TM4,0,11,MAQ118|GORGORÃO RIBBON|9|Ironing TM4|0
MAQ118,166,170,WOVEN LABEL OURELA CUT,1,Harden[0.5] TM4,3,4,MAQ118|WOVEN LABEL OURELA CUT|1|Harden[0.5] TM4|3
MAQ118,172,183,WOVEN LABEL OURELA CUT,2,Ironing TM4,2,11,MAQ118|WOVEN LABEL OURELA CUT|2|Ironing TM4|2
MAQ118,185,189,WOVEN LABEL OURELA CUT,2,Harden[0.5] TM4,3,4,MAQ118|WOVEN LABEL OURELA CUT|2|Harden[0.5] TM4|3
MAQ118,193,201,STRAP W/ STRIPES,3,Harden[1] TM5,0,8,MAQ118|STRAP W/ STRIPES|3|Harden[1] TM5|0
MAQ118,202,206,ELASTIC W/ INSCR,1,Harden[0.5] TM4,3,4,MAQ118|ELASTIC W/ INSCR|1|Harden[0.5] TM4|3
MAQ118,207,218,ESTORE RIBBON,0,Ironing TM4,0,11,MAQ118|ESTORE RIBBON|0|Ironing TM4|0
MAQ118,221,232,WOVEN LABEL OURELA CUT,0,Ironing TM4,2,11,MAQ118|WOVEN LABEL OURELA CUT|0|Ironing TM4|2
MAQ118,233,244,GORGORÃO RIBBON W/ INSCR,3,Ironing TM4,0,11,MAQ118|GORGORÃO RIBBON W/ INSCR|3|Ironing TM4|0
MAQ118,246,254,STRAP W/ STRIPES,0,Harden[1] TM5,0,8,MAQ118|STRAP W/ STRIPES|0|Harden[1] TM5|0
MAQ118,256,264,WOVEN LABEL OURELA FABRIC,6,Harden[1] TM5,1,8,MAQ118|WOVEN LABEL OURELA FABRIC|6|Harden[1] TM5|1
MAQ118,266,277,ESTORE RIBBON,1,Ironing TM4,0,11,MAQ118|ESTORE RIBBON|1|Ironing TM4|0
MAQ118,279,290,ELASTIC W/ INSCR,2,Ironing TM4,0,11,MAQ118|ELASTIC W/ INSCR|2|Ironing TM4|0
MAQ118,291,305,WOVEN LABEL OURELA CUT,1,Harden[1.5] TM3,6,14,MAQ118|WOVEN LABEL OURELA CUT|1|Harden[1.5] TM3|6
MAQ118,306,314,WOVEN LABEL OURELA FABRIC,6,Harden[1] TM5,2,8,MAQ118|WOVEN LABEL OURELA FABRIC|6|Harden[1] TM5|2
MAQ118,316,324,STRAP W/ STRIPES,0,Harden[1] TM5,1,8,MAQ118|STRAP W/ STRIPES|0|Harden[1] TM5|1
MAQ118,328,339,ESTORE RIBBON,1,Ironing TM4,1,11,MAQ118|ESTORE RIBBON|1|Ironing TM4|1
MAQ118,340,362,ROK ELASTIC,0,Harden[2] TM1,0,22,MAQ118|ROK ELASTIC|0|Harden[2] TM1|0
MAQ118,363,374,ESTORE RIBBON,3,Ironing TM4,0,11,MAQ118|ESTORE RIBBON|3|Ironing TM4|0
MAQ118,379,383,WOVEN LABEL OURELA FABRIC,6,Harden[0.5] TM4,3,4,MAQ118|WOVEN LABEL OURELA FABRIC|6|Harden[0.5] TM4|3
MAQ118,385,393,WOVEN LABEL OURELA FABRIC,8,Harden[1] TM5,1,8,MAQ118|WOVEN LABEL OURELA FABRIC|8|Harden[1] TM5|1
MAQ118,394,402,STRAP W/ STRIPES,6,Harden[1] TM5,0,8,MAQ118|STRAP W/ STRIPES|6|Harden[1] TM5|0
MAQ118,403,411,WOVEN LABEL OURELA FABRIC,2,Harden[1] TM5,1,8,MAQ118|WOVEN LABEL OURELA FABRIC|2|Harden[1] TM5|1
MAQ118,412,416,WOVEN LABEL OURELA CUT,3,Harden[0.5] TM4,3,4,MAQ118|WOVEN LABEL OURELA CUT|3|Harden[0.5] TM4|3
MAQ118,417,425,WOVEN LABEL OURELA FABRIC,1,Harden[1] TM5,1,8,MAQ118|WOVEN LABEL OURELA FABRIC|1|Harden[1] TM5|1
MAQ118,426,434,STRAP W/ STRIPES,1,Harden[1] TM5,0,8,MAQ118|STRAP W/ STRIPES|1|Harden[1] TM5|0
MAQ118,435,443,WOVEN LABEL OURELA FABRIC,5,Harden[1] TM5,1,8,MAQ118|WOVEN LABEL OURELA FABRIC|5|Harden[1] TM5|1
MAQ118,444,452,WOVEN LABEL OURELA FABRIC,9,Harden[1] TM5,1,8,MAQ118|WOVEN LABEL OURELA FABRIC|9|Harden[1] TM5|1
MAQ118,453,461,STRAP W/ STRIPES,3,Harden[1] TM5,1,8,MAQ118|STRAP W/ STRIPES|3|Harden[1] TM5|1
MAQ118,463,471,STRAP W/ STRIPES,5,Harden[1] TM5,1,8,MAQ118|STRAP W/ STRIPES|5|Harden[1] TM5|1
MAQ118,472,480,WOVEN LABEL OURELA CUT,2,Harden[1] TM5,5,8,MAQ118|WOVEN LABEL OURELA CUT|2|Harden[1] TM5|5
MAQ118,481,489,WOVEN LABEL OURELA FABRIC,2,Harden[1] TM5,2,8,MAQ118|WOVEN LABEL OURELA FABRIC|2|Harden[1] TM5|2
MAQ118,491,502,ESTORE RIBBON,3,Ironing TM4,1,11,MAQ118|ESTORE RIBBON|3|Ironing TM4|1
MAQ118,503,511,TAFFETA EMBLEM,1,Harden[1] TM5,0,8,MAQ118|TAFFETA EMBLEM|1|Harden[1] TM5|0
MAQ118,512,520,WOVEN LABEL OURELA FABRIC,5,Harden[1] TM5,2,8,MAQ118|WOVEN LABEL OURELA FABRIC|5|Harden[1] TM5|2
MAQ118,521,529,WOVEN LABEL OURELA FABRIC,8,Harden[1] TM5,2,8,MAQ118|WOVEN LABEL OURELA FABRIC|8|Harden[1] TM5|2
MAQ118,530,534,WOVEN LABEL OURELA CUT,0,Harden[0.5] TM4,3,4,MAQ118|WOVEN LABEL OURELA CUT|0|Harden[0.5] TM4|3
MAQ118,536,544,STRAP W/ STRIPES,1,Harden[1] TM5,1,8,MAQ118|STRAP W/ STRIPES|1|Harden[1] TM5|1
MAQ118,545,553,STRAP W/ STRIPES,4,Harden[1] TM5,0,8,MAQ118|STRAP W/ STRIPES|4|Harden[1] TM5|0
MAQ118,554,562,WOVEN LABEL OURELA CUT,3,Harden[1] TM5,4,8,MAQ118|WOVEN LABEL OURELA CUT|3|Harden[1] TM5|4
MAQ118,564,572,WOVEN LABEL OURELA CUT,3,Harden[1] TM5,5,8,MAQ118|WOVEN LABEL OURELA CUT|3|Harden[1] TM5|5
MAQ118,577,581,WOVEN LABEL OURELA FABRIC,2,Harden[0.5] TM4,3,4,MAQ118|WOVEN LABEL OURELA FABRIC|2|Harden[0.5] TM4|3
MAQ118,582,593,ESTORE RIBBON,5,Ironing TM4,2,11,MAQ118|ESTORE RIBBON|5|Ironing TM4|2
MAQ118,596,604,WOVEN LABEL OURELA FABRIC,10,Harden[1] TM5,1,8,MAQ118|WOVEN LABEL OURELA FABRIC|10|Harden[1] TM5|1
MAQ118,606,620,WOVEN LABEL OURELA CUT,3,Harden[1.5] TM3,6,14,MAQ118|WOVEN LABEL OURELA CUT|3|Harden[1.5] TM3|6
MAQ118,623,631,STRAP W/ STRIPES,4,Harden[1] TM5,1,8,MAQ118|STRAP W/ STRIPES|4|Harden[1] TM5|1
MAQ118,632,640,WOVEN LABEL OURELA CUT,0,Harden[1] TM5,4,8,MAQ118|WOVEN LABEL OURELA CUT|0|Harden[1] TM5|4
MAQ118,642,650,STRAP W/ STRIPES,8,Harden[1] TM5,0,8,MAQ118|STRAP W/ STRIPES|8|Harden[1] TM5|0
MAQ118,652,660,WOVEN LABEL OURELA FABRIC,4,Harden[1] TM5,2,8,MAQ118|WOVEN LABEL OURELA FABRIC|4|Harden[1] TM5|2
MAQ118,663,677,WOVEN LABEL OURELA CUT,0,Harden[1.5] TM3,6,14,MAQ118|WOVEN LABEL OURELA CUT|0|Harden[1.5] TM3|6
MAQ118,678,686,STRAP W/ STRIPES,7,Harden[1] TM5,1,8,MAQ118|STRAP W/ STRIPES|7|Harden[1] TM5|1
MAQ118,687,695,WOVEN LABEL OURELA CUT,4,Harden[1] TM5,4,8,MAQ118|WOVEN LABEL OURELA CUT|4|Harden[1] TM5|4
MAQ118,696,704,STRAP W/ STRIPES,9,Harden[1] TM5,0,8,MAQ118|STRAP W/ STRIPES|9|Harden[1] TM5|0
MAQ118,705,713,WOVEN LABEL OURELA FABRIC,11,Harden[1] TM5,1,8,MAQ118|WOVEN LABEL OURELA FABRIC|11|Harden[1] TM5|1
MAQ118,715,723,STRAP W/ STRIPES,9,Harden[1] TM5,1,8,MAQ118|STRAP W/ STRIPES|9|Harden[1] TM5|1
MAQ118,724,732,WOVEN LABEL OURELA CUT,4,Harden[1] TM5,5,8,MAQ118|WOVEN LABEL OURELA CUT|4|Harden[1] TM5|5
MAQ118,733,747,WOVEN LABEL OURELA CUT,4,Harden[1.5] TM3,6,14,MAQ118|WOVEN LABEL OURELA CUT|4|Harden[1.5] TM3|6
MAQ118,749,757,WOVEN LABEL OURELA FABRIC,0,Harden[1] TM5,2,8,MAQ118|WOVEN LABEL OURELA FABRIC|0|Harden[1] TM5|2
MAQ118,759,767,WOVEN LABEL OURELA FABRIC,11,Harden[1] TM5,2,8,MAQ118|WOVEN LABEL OURELA FABRIC|11|Harden[1] TM5|2
MAQ118,769,773,WOVEN LABEL OURELA FABRIC,1,Harden[0.5] TM4,3,4,MAQ118|WOVEN LABEL OURELA FABRIC|1|Harden[0.5] TM4|3
MAQ118,774,778,WOVEN LABEL OURELA FABRIC,11,Harden[0.5] TM4,3,4,MAQ118|WOVEN LABEL OURELA FABRIC|11|Harden[0.5] TM4|3
MAQ118,779,783,WOVEN LABEL OURELA FABRIC,3,Harden[0.5] TM4,3,4,MAQ118|WOVEN LABEL OURELA FABRIC|3|Harden[0.5] TM4|3
MAQ118,784,788,WOVEN LABEL OURELA FABRIC,8,Harden[0.5] TM4,3,4,MAQ118|WOVEN LABEL OURELA FABRIC|8|Harden[0.5] TM4|3
MAQ118,789,797,WOVEN LABEL OURELA FABRIC,7,Harden[1] TM5,1,8,MAQ118|WOVEN LABEL OURELA FABRIC|7|Harden[1] TM5|1
MAQ118,798,802,WOVEN LABEL OURELA FABRIC,7,Harden[0.5] TM4,3,4,MAQ118|WOVEN LABEL OURELA FABRIC|7|Harden[0.5] TM4|3
MAQ118,804,812,WOVEN LABEL OURELA FABRIC,10,Harden[1] TM5,2,8,MAQ118|WOVEN LABEL OURELA FABRIC|10|Harden[1] TM5|2
MAQ118,816,824,WOVEN LABEL OURELA FABRIC,12,Harden[1] TM5,2,8,MAQ118|WOVEN LABEL OURELA FABRIC|12|Harden[1] TM5|2
MAQ119,1,16,TAFFETA EMBLEM,2,Harden[1] TM1,0,15,MAQ119|TAFFETA EMBLEM|2|Harden[1] TM1|0
MAQ119,17,25,SMOOTH STRAP(A),1,Ironing TM3,0,8,MAQ119|SMOOTH STRAP(A)|1|Ironing TM3|0
MAQ119,26,34,SMOOTH STRAP(A),0,Ironing TM3,0,8,MAQ119|SMOOTH STRAP(A)|0|Ironing TM3|0
MAQ119,35,50,TAFFETA EMBLEM,0,Harden[1] TM1,0,15,MAQ119|TAFFETA EMBLEM|0|Harden[1] TM1|0
MAQ119,52,60,WOVEN LABEL OURELA CUT,1,Ironing TM3,0,8,MAQ119|WOVEN LABEL OURELA CUT|1|Ironing TM3|0
MAQ119,61,69,WOVEN LABEL OURELA CUT,1,Ironing TM3,1,8,MAQ119|WOVEN LABEL OURELA CUT|1|Ironing TM3|1
MAQ119,70,78,WOVEN LABEL OURELA CUT,2,Ironing TM3,0,8,MAQ119|WOVEN LABEL OURELA CUT|2|Ironing TM3|0
MAQ119,79,90,SMOOTH ELASTIC(A),3,Harden[0.5] TM1,0,11,MAQ119|SMOOTH ELASTIC(A)|3|Harden[0.5] TM1|0
MAQ119,91,99,GORGORÃO RIBBON,4,Ironing TM3,0,8,MAQ119|GORGORÃO RIBBON|4|Ironing TM3|0
MAQ119,101,109,GORGORÃO RIBBON,10,Ironing TM3,0,8,MAQ119|GORGORÃO RIBBON|10|Ironing TM3|0
MAQ119,110,134,ROK ELASTIC,1,Harden[1.5] TM1,1,24,MAQ119|ROK ELASTIC|1|Harden[1.5] TM1|1
MAQ119,136,151,TAFFETA EMBLEM,3,Harden[1] TM1,0,15,MAQ119|TAFFETA EMBLEM|3|Harden[1] TM1|0
MAQ119,153,161,GORGORÃO RIBBON,2,Ironing TM3,0,8,MAQ119|GORGORÃO RIBBON|2|Ironing TM3|0
MAQ119,162,177,TAFFETA EMBLEM,7,Harden[1] TM1,0,15,MAQ119|TAFFETA EMBLEM|7|Harden[1] TM1|0
MAQ119,179,187,ELASTIC W/ INSCR,0,Ironing TM3,0,8,MAQ119|ELASTIC W/ INSCR|0|Ironing TM3|0
MAQ119,193,208,TAFFETA EMBLEM,5,Harden[1] TM1,0,15,MAQ119|TAFFETA EMBLEM|5|Harden[1] TM1|0
MAQ119,209,224,WOVEN LABEL OURELA CUT,1,Harden[1] TM1,4,15,MAQ119|WOVEN LABEL OURELA CUT|1|Harden[1] TM1|4
MAQ119,225,236,SMOOTH ELASTIC(A),2,Harden[0.5] TM1,0,11,MAQ119|SMOOTH ELASTIC(A)|2|Harden[0.5] TM1|0
MAQ119,237,261,ROK ELASTIC,2,Harden[1.5] TM1,1,24,MAQ119|ROK ELASTIC|2|Harden[1.5] TM1|1
MAQ119,262,270,ESTORE RIBBON,4,Ironing TM3,0,8,MAQ119|ESTORE RIBBON|4|Ironing TM3|0
MAQ119,271,286,WOVEN LABEL OURELA CUT,1,Harden[1] TM1,5,15,MAQ119|WOVEN LABEL OURELA CUT|1|Harden[1] TM1|5
MAQ119,287,295,SMOOTH STRAP(A),2,Ironing TM3,0,8,MAQ119|SMOOTH STRAP(A)|2|Ironing TM3|0
MAQ119,296,304,ESTORE RIBBON,4,Ironing TM3,2,8,MAQ119|ESTORE RIBBON|4|Ironing TM3|2
MAQ119,305,313,SMOOTH STRAP(A),3,Ironing TM3,0,8,MAQ119|SMOOTH STRAP(A)|3|Ironing TM3|0
MAQ119,315,330,STRAP W/ STRIPES,5,Harden[1] TM1,0,15,MAQ119|STRAP W/ STRIPES|5|Harden[1] TM1|0
MAQ119,332,347,STRAP W/ STRIPES,7,Harden[1] TM1,0,15,MAQ119|STRAP W/ STRIPES|7|Harden[1] TM1|0
MAQ119,348,356,ESTORE RIBBON,0,Ironing TM3,2,8,MAQ119|ESTORE RIBBON|0|Ironing TM3|2
MAQ119,357,368,ELASTIC W/ INSCR,0,Harden[0.5] TM1,3,11,MAQ119|ELASTIC W/ INSCR|0|Harden[0.5] TM1|3
MAQ119,370,378,WOVEN LABEL OURELA FABRIC,2,Ironing TM3,0,8,MAQ119|WOVEN LABEL OURELA FABRIC|2|Ironing TM3|0
MAQ119,385,409,ROK ELASTIC,0,Harden[1.5] TM1,1,24,MAQ119|ROK ELASTIC|0|Harden[1.5] TM1|1
MAQ119,410,425,WOVEN LABEL OURELA CUT,2,Harden[1] TM1,4,15,MAQ119|WOVEN LABEL OURELA CUT|2|Harden[1] TM1|4
MAQ119,426,441,TAFFETA EMBLEM,4,Harden[1] TM1,0,15,MAQ119|TAFFETA EMBLEM|4|Harden[1] TM1|0
MAQ119,442,457,STRAP W/ STRIPES,2,Harden[1] TM1,0,15,MAQ119|STRAP W/ STRIPES|2|Harden[1] TM1|0
MAQ119,458,473,STRAP W/ STRIPES,2,Harden[1] TM1,1,15,MAQ119|STRAP W/ STRIPES|2|Harden[1] TM1|1
MAQ119,475,490,TAFFETA EMBLEM,6,Harden[1] TM1,0,15,MAQ119|TAFFETA EMBLEM|6|Harden[1] TM1|0
MAQ119,491,502,ELASTIC W/ INSCR,2,Harden[0.5] TM1,3,11,MAQ119|ELASTIC W/ INSCR|2|Harden[0.5] TM1|3
MAQ119,504,528,WOVEN LABEL OURELA CUT,2,Harden[1.5] TM1,6,24,MAQ119|WOVEN LABEL OURELA CUT|2|Harden[1.5] TM1|6
MAQ119,529,544,TAFFETA EMBLEM,9,Harden[1] TM1,0,15,MAQ119|TAFFETA EMBLEM|9|Harden[1] TM1|0
MAQ119,546,561,TAFFETA EMBLEM,8,Harden[1] TM1,0,15,MAQ119|TAFFETA EMBLEM|8|Harden[1] TM1|0
MAQ119,564,575,WOVEN LABEL OURELA FABRIC,5,Harden[0.5] TM1,3,11,MAQ119|WOVEN LABEL OURELA FABRIC|5|Harden[0.5] TM1|3
MAQ119,577,592,WOVEN LABEL OURELA FABRIC,0,Harden[1] TM1,1,15,MAQ119|WOVEN LABEL OURELA FABRIC|0|Harden[1] TM1|1
MAQ119,593,608,WOVEN LABEL OURELA FABRIC,9,Harden[1] TM1,2,15,MAQ119|WOVEN LABEL OURELA FABRIC|9|Harden[1] TM1|2
MAQ119,609,624,WOVEN LABEL OURELA FABRIC,3,Harden[1] TM1,1,15,MAQ119|WOVEN LABEL OURELA FABRIC|3|Harden[1] TM1|1
MAQ119,625,640,WOVEN LABEL OURELA FABRIC,4,Harden[1] TM1,1,15,MAQ119|WOVEN LABEL OURELA FABRIC|4|Harden[1] TM1|1
MAQ119,641,656,WOVEN LABEL OURELA CUT,0,Harden[1] TM1,5,15,MAQ119|WOVEN LABEL OURELA CUT|0|Harden[1] TM1|5
MAQ119,658,673,STRAP W/ STRIPES,6,Harden[1] TM1,1,15,MAQ119|STRAP W/ STRIPES|6|Harden[1] TM1|1
MAQ119,674,685,WOVEN LABEL OURELA CUT,4,Harden[0.5] TM1,3,11,MAQ119|WOVEN LABEL OURELA CUT|4|Harden[0.5] TM1|3
MAQ119,686,701,STRAP W/ STRIPES,8,Harden[1] TM1,1,15,MAQ119|STRAP W/ STRIPES|8|Harden[1] TM1|1
MAQ119,703,714,WOVEN LABEL OURELA FABRIC,4,Harden[0.5] TM1,3,11,MAQ119|WOVEN LABEL OURELA FABRIC|4|Harden[0.5] TM1|3
MAQ119,715,726,WOVEN LABEL OURELA FABRIC,9,Harden[0.5] TM1,3,11,MAQ119|WOVEN LABEL OURELA FABRIC|9|Harden[0.5] TM1|3
MAQ119,727,742,WOVEN LABEL OURELA FABRIC,1,Harden[1] TM1,2,15,MAQ119|WOVEN LABEL OURELA FABRIC|1|Harden[1] TM1|2
MAQ119,744,759,WOVEN LABEL OURELA FABRIC,3,Harden[1] TM1,2,15,MAQ119|WOVEN LABEL OURELA FABRIC|3|Harden[1] TM1|2
MAQ119,769,780,WOVEN LABEL OURELA FABRIC,0,Harden[0.5] TM1,3,11,MAQ119|WOVEN LABEL OURELA FABRIC|0|Harden[0.5] TM1|3
MAQ119,781,796,WOVEN LABEL OURELA FABRIC,12,Harden[1] TM1,1,15,MAQ119|WOVEN LABEL OURELA FABRIC|12|Harden[1] TM1|1
MAQ119,797,812,WOVEN LABEL OURELA FABRIC,7,Harden[1] TM1,2,15,MAQ119|WOVEN LABEL OURELA FABRIC|7|Harden[1] TM1|2
MAQ119,813,824,WOVEN LABEL OURELA FABRIC,10,Harden[0.5] TM1,3,11,MAQ119|WOVEN LABEL OURELA FABRIC|10|Harden[0.5] TM1|3
MAQ119,825,836,WOVEN LABEL OURELA FABRIC,12,Harden[0.5] TM1,3,11,MAQ119|WOVEN LABEL OURELA FABRIC|12|Harden[0.5] TM1|3
MAQ120,1,9,GORGORÃO RIBBON,5,Ironing TM1,0,8,MAQ120|GORGORÃO RIBBON|5|Ironing TM1|0
MAQ120,11,19,ELASTIC W/ INSCR,1,Ironing TM1,0,8,MAQ120|ELASTIC W/ INSCR|1|Ironing TM1|0
MAQ120,21,29,GORGORÃO RIBBON W/ INSCR,2,Ironing TM1,0,8,MAQ120|GORGORÃO RIBBON W/ INSCR|2|Ironing TM1|0
MAQ120,30,36,ELASTIC W/ INSCR,1,Anti-Shrinkage TM2,1,6,MAQ120|ELASTIC W/ INSCR|1|Anti-Shrinkage TM2|1
MAQ120,38,46,ESTORE RIBBON,5,Ironing TM1,0,8,MAQ120|ESTORE RIBBON|5|Ironing TM1|0
MAQ120,47,55,GORGORÃO RIBBON,1,Ironing TM1,0,8,MAQ120|GORGORÃO RIBBON|1|Ironing TM1|0
MAQ120,56,64,GORGORÃO RIBBON W/ INSCR,0,Ironing TM1,0,8,MAQ120|GORGORÃO RIBBON W/ INSCR|0|Ironing TM1|0
MAQ120,65,71,BRAIDED ELASTIC,6,Anti-Shrinkage TM2,0,6,MAQ120|BRAIDED ELASTIC|6|Anti-Shrinkage TM2|0
MAQ120,72,80,WOVEN LABEL OURELA FABRIC,5,Ironing TM1,0,8,MAQ120|WOVEN LABEL OURELA FABRIC|5|Ironing TM1|0
MAQ120,81,89,WOVEN LABEL OURELA FABRIC,1,Ironing TM1,0,8,MAQ120|WOVEN LABEL OURELA FABRIC|1|Ironing TM1|0
MAQ120,90,98,WOVEN LABEL OURELA CUT,1,Ironing TM1,2,8,MAQ120|WOVEN LABEL OURELA CUT|1|Ironing TM1|2
MAQ120,100,103,PRINTED RIBBON,14,Sublimation TM3,0,3,MAQ120|PRINTED RIBBON|14|Sublimation TM3|0
MAQ120,105,113,GORGORÃO RIBBON,8,Ironing TM1,0,8,MAQ120|GORGORÃO RIBBON|8|Ironing TM1|0
MAQ120,114,122,WOVEN LABEL OURELA CUT,2,Ironing TM1,1,8,MAQ120|WOVEN LABEL OURELA CUT|2|Ironing TM1|1
MAQ120,123,131,GORGORÃO RIBBON,6,Ironing TM1,0,8,MAQ120|GORGORÃO RIBBON|6|Ironing TM1|0
MAQ120,134,140,ELASTIC W/ INSCR,1,Anti-Shrinkage TM2,2,6,MAQ120|ELASTIC W/ INSCR|1|Anti-Shrinkage TM2|2
MAQ120,142,150,WOVEN LABEL OURELA CUT,0,Ironing TM1,1,8,MAQ120|WOVEN LABEL OURELA CUT|0|Ironing TM1|1
MAQ120,151,159,GORGORÃO RIBBON,7,Ironing TM1,0,8,MAQ120|GORGORÃO RIBBON|7|Ironing TM1|0
MAQ120,160,168,ESTORE RIBBON,2,Ironing TM1,1,8,MAQ120|ESTORE RIBBON|2|Ironing TM1|1
MAQ120,169,177,WOVEN LABEL OURELA FABRIC,3,Ironing TM1,0,8,MAQ120|WOVEN LABEL OURELA FABRIC|3|Ironing TM1|0
MAQ120,178,184,BRAIDED ELASTIC,0,Anti-Shrinkage TM2,0,6,MAQ120|BRAIDED ELASTIC|0|Anti-Shrinkage TM2|0
MAQ120,186,189,PRINTED RIBBON,12,Sublimation TM3,0,3,MAQ120|PRINTED RIBBON|12|Sublimation TM3|0
MAQ120,193,196,PRINTED RIBBON  PES,4,Sublimation TM3,0,3,MAQ120|PRINTED RIBBON  PES|4|Sublimation TM3|0
MAQ120,197,200,PRINTED RIBBON  PES,2,Sublimation TM3,0,3,MAQ120|PRINTED RIBBON  PES|2|Sublimation TM3|0
MAQ120,201,209,WOVEN LABEL OURELA FABRIC,8,Ironing TM1,0,8,MAQ120|WOVEN LABEL OURELA FABRIC|8|Ironing TM1|0
MAQ120,210,218,GORGORÃO RIBBON W/ INSCR,4,Ironing TM1,0,8,MAQ120|GORGORÃO RIBBON W/ INSCR|4|Ironing TM1|0
MAQ120,220,223,PRINTED RIBBON,5,Sublimation TM3,0,3,MAQ120|PRINTED RIBBON|5|Sublimation TM3|0
MAQ120,224,227,PRINTED RIBBON  PES,1,Sublimation TM3,0,3,MAQ120|PRINTED RIBBON  PES|1|Sublimation TM3|0
MAQ120,228,236,WOVEN LABEL OURELA FABRIC,6,Ironing TM1,0,8,MAQ120|WOVEN LABEL OURELA FABRIC|6|Ironing TM1|0
MAQ120,237,245,ESTORE RIBBON,0,Ironing TM1,1,8,MAQ120|ESTORE RIBBON|0|Ironing TM1|1
MAQ120,246,252,BRAIDED ELASTIC,1,Anti-Shrinkage TM2,0,6,MAQ120|BRAIDED ELASTIC|1|Anti-Shrinkage TM2|0
MAQ120,253,261,WOVEN LABEL OURELA CUT,3,Ironing TM1,0,8,MAQ120|WOVEN LABEL OURELA CUT|3|Ironing TM1|0
MAQ120,263,266,PRINTED RIBBON,9,Sublimation TM3,0,3,MAQ120|PRINTED RIBBON|9|Sublimation TM3|0
MAQ120,269,277,ESTORE RIBBON,4,Ironing TM1,1,8,MAQ120|ESTORE RIBBON|4|Ironing TM1|1
MAQ120,278,281,PRINTED RIBBON,11,Sublimation TM3,0,3,MAQ120|PRINTED RIBBON|11|Sublimation TM3|0
MAQ120,283,289,ELASTIC W/ INSCR,0,Anti-Shrinkage TM2,1,6,MAQ120|ELASTIC W/ INSCR|0|Anti-Shrinkage TM2|1
MAQ120,291,299,GORGORÃO RIBBON,12,Ironing TM1,0,8,MAQ120|GORGORÃO RIBBON|12|Ironing TM1|0
MAQ120,300,306,ELASTIC W/ INSCR,0,Anti-Shrinkage TM2,2,6,MAQ120|ELASTIC W/ INSCR|0|Anti-Shrinkage TM2|2
MAQ120,307,313,PRINTED RIBBON,11,Anti-Shrinkage TM2,1,6,MAQ120|PRINTED RIBBON|11|Anti-Shrinkage TM2|1
MAQ120,314,322,ESTORE RIBBON,2,Ironing TM1,2,8,MAQ120|ESTORE RIBBON|2|Ironing TM1|2
MAQ120,324,330,BRAIDED ELASTIC,3,Anti-Shrinkage TM2,0,6,MAQ120|BRAIDED ELASTIC|3|Anti-Shrinkage TM2|0
MAQ120,331,337,BRAIDED ELASTIC,11,Anti-Shrinkage TM2,0,6,MAQ120|BRAIDED ELASTIC|11|Anti-Shrinkage TM2|0
MAQ120,338,346,WOVEN LABEL OURELA FABRIC,4,Ironing TM1,0,8,MAQ120|WOVEN LABEL OURELA FABRIC|4|Ironing TM1|0
MAQ120,349,352,PRINTED RIBBON,19,Sublimation TM3,0,3,MAQ120|PRINTED RIBBON|19|Sublimation TM3|0
MAQ120,354,362,WOVEN LABEL OURELA CUT,3,Ironing TM1,1,8,MAQ120|WOVEN LABEL OURELA CUT|3|Ironing TM1|1
MAQ120,363,369,ELASTIC W/ INSCR,2,Anti-Shrinkage TM2,1,6,MAQ120|ELASTIC W/ INSCR|2|Anti-Shrinkage TM2|1
MAQ120,370,378,WOVEN LABEL OURELA CUT,3,Ironing TM1,2,8,MAQ120|WOVEN LABEL OURELA CUT|3|Ironing TM1|2
MAQ120,380,383,PRINTED RIBBON  PES,8,Sublimation TM3,0,3,MAQ120|PRINTED RIBBON  PES|8|Sublimation TM3|0
MAQ120,387,393,ELASTIC W/ INSCR,2,Anti-Shrinkage TM2,2,6,MAQ120|ELASTIC W/ INSCR|2|Anti-Shrinkage TM2|2
MAQ120,394,402,WOVEN LABEL OURELA CUT,4,Ironing TM1,0,8,MAQ120|WOVEN LABEL OURELA CUT|4|Ironing TM1|0
MAQ120,403,409,BRAIDED ELASTIC,7,Anti-Shrinkage TM2,0,6,MAQ120|BRAIDED ELASTIC|7|Anti-Shrinkage TM2|0
MAQ120,411,417,STRAP W/ STRIPES,0,Anti-Shrinkage TM2,2,6,MAQ120|STRAP W/ STRIPES|0|Anti-Shrinkage TM2|2
MAQ120,418,424,BRAIDED ELASTIC,2,Anti-Shrinkage TM2,0,6,MAQ120|BRAIDED ELASTIC|2|Anti-Shrinkage TM2|0
MAQ120,425,431,PRINTED RIBBON,12,Anti-Shrinkage TM2,1,6,MAQ120|PRINTED RIBBON|12|Anti-Shrinkage TM2|1
MAQ120,432,440,ESTORE RIBBON,1,Ironing TM1,2,8,MAQ120|ESTORE RIBBON|1|Ironing TM1|2
MAQ120,441,449,WOVEN LABEL OURELA FABRIC,9,Ironing TM1,0,8,MAQ120|WOVEN LABEL OURELA FABRIC|9|Ironing TM1|0
MAQ120,450,458,WOVEN LABEL OURELA FABRIC,7,Ironing TM1,0,8,MAQ120|WOVEN LABEL OURELA FABRIC|7|Ironing TM1|0
MAQ120,462,470,WOVEN LABEL OURELA CUT,4,Ironing TM1,1,8,MAQ120|WOVEN LABEL OURELA CUT|4|Ironing TM1|1
MAQ120,472,480,WOVEN LABEL OURELA FABRIC,10,Ironing TM1,0,8,MAQ120|WOVEN LABEL OURELA FABRIC|10|Ironing TM1|0
MAQ120,487,495,ESTORE RIBBON,5,Ironing TM1,1,8,MAQ120|ESTORE RIBBON|5|Ironing TM1|1
MAQ120,496,502,STRAP W/ STRIPES,2,Anti-Shrinkage TM2,2,6,MAQ120|STRAP W/ STRIPES|2|Anti-Shrinkage TM2|2
MAQ120,505,513,WOVEN LABEL OURELA FABRIC,11,Ironing TM1,0,8,MAQ120|WOVEN LABEL OURELA FABRIC|11|Ironing TM1|0
MAQ120,515,521,BRAIDED ELASTIC,4,Anti-Shrinkage TM2,0,6,MAQ120|BRAIDED ELASTIC|4|Anti-Shrinkage TM2|0
MAQ120,523,531,ESTORE RIBBON,3,Ironing TM1,2,8,MAQ120|ESTORE RIBBON|3|Ironing TM1|2
MAQ120,532,535,PRINTED RIBBON  PES,5,Sublimation TM3,0,3,MAQ120|PRINTED RIBBON  PES|5|Sublimation TM3|0
MAQ120,538,544,STRAP W/ STRIPES,1,Anti-Shrinkage TM2,2,6,MAQ120|STRAP W/ STRIPES|1|Anti-Shrinkage TM2|2
MAQ120,545,551,PRINTED RIBBON,14,Anti-Shrinkage TM2,1,6,MAQ120|PRINTED RIBBON|14|Anti-Shrinkage TM2|1
MAQ120,552,558,BRAIDED ELASTIC,10,Anti-Shrinkage TM2,0,6,MAQ120|BRAIDED ELASTIC|10|Anti-Shrinkage TM2|0
MAQ120,559,567,WOVEN LABEL OURELA CUT,4,Ironing TM1,2,8,MAQ120|WOVEN LABEL OURELA CUT|4|Ironing TM1|2
MAQ120,568,571,PRINTED RIBBON  PES,6,Sublimation TM3,0,3,MAQ120|PRINTED RIBBON  PES|6|Sublimation TM3|0
MAQ120,573,576,PRINTED RIBBON,2,Sublimation TM3,0,3,MAQ120|PRINTED RIBBON|2|Sublimation TM3|0
MAQ120,577,580,PRINTED RIBBON,25,Sublimation TM3,0,3,MAQ120|PRINTED RIBBON|25|Sublimation TM3|0
MAQ120,581,584,PRINTED RIBBON,3,Sublimation TM3,0,3,MAQ120|PRINTED RIBBON|3|Sublimation TM3|0
MAQ120,586,592,STRAP W/ STRIPES,3,Anti-Shrinkage TM2,2,6,MAQ120|STRAP W/ STRIPES|3|Anti-Shrinkage TM2|2
MAQ120,593,599,BRAIDED ELASTIC,9,Anti-Shrinkage TM2,0,6,MAQ120|BRAIDED ELASTIC|9|Anti-Shrinkage TM2|0
MAQ120,602,608,BRAIDED ELASTIC,5,Anti-Shrinkage TM2,0,6,MAQ120|BRAIDED ELASTIC|5|Anti-Shrinkage TM2|0
MAQ120,609,612,PRINTED RIBBON  PES,3,Sublimation TM3,0,3,MAQ120|PRINTED RIBBON  PES|3|Sublimation TM3|0
MAQ120,613,616,PRINTED RIBBON  PES,0,Sublimation TM3,0,3,MAQ120|PRINTED RIBBON  PES|0|Sublimation TM3|0
MAQ120,617,623,STRAP W/ STRIPES,5,Anti-Shrinkage TM2,2,6,MAQ120|STRAP W/ STRIPES|5|Anti-Shrinkage TM2|2
MAQ120,624,627,PRINTED RIBBON  PES,7,Sublimation TM3,0,3,MAQ120|PRINTED RIBBON  PES|7|Sublimation TM3|0
MAQ120,628,631,PRINTED RIBBON  PES,9,Sublimation TM3,0,3,MAQ120|PRINTED RIBBON  PES|9|Sublimation TM3|0
MAQ120,633,639,BRAIDED ELASTIC,8,Anti-Shrinkage TM2,0,6,MAQ120|BRAIDED ELASTIC|8|Anti-Shrinkage TM2|0
MAQ120,641,647,PRINTED RIBBON,5,Anti-Shrinkage TM2,1,6,MAQ120|PRINTED RIBBON|5|Anti-Shrinkage TM2|1
MAQ120,649,655,STRAP W/ STRIPES,4,Anti-Shrinkage TM2,2,6,MAQ120|STRAP W/ STRIPES|4|Anti-Shrinkage TM2|2
MAQ120,656,659,PRINTED RIBBON,10,Sublimation TM3,0,3,MAQ120|PRINTED RIBBON|10|Sublimation TM3|0
MAQ120,660,666,BRAIDED ELASTIC,12,Anti-Shrinkage TM2,0,6,MAQ120|BRAIDED ELASTIC|12|Anti-Shrinkage TM2|0
MAQ120,667,673,STRAP W/ STRIPES,6,Anti-Shrinkage TM2,2,6,MAQ120|STRAP W/ STRIPES|6|Anti-Shrinkage TM2|2
MAQ120,674,680,BRAIDED ELASTIC,14,Anti-Shrinkage TM2,0,6,MAQ120|BRAIDED ELASTIC|14|Anti-Shrinkage TM2|0
MAQ120,681,687,STRAP W/ STRIPES,7,Anti-Shrinkage TM2,2,6,MAQ120|STRAP W/ STRIPES|7|Anti-Shrinkage TM2|2
MAQ120,688,691,PRINTED RIBBON,20,Sublimation TM3,0,3,MAQ120|PRINTED RIBBON|20|Sublimation TM3|0
MAQ120,692,698,PRINTED RIBBON,10,Anti-Shrinkage TM2,1,6,MAQ120|PRINTED RIBBON|10|Anti-Shrinkage TM2|1
MAQ120,699,705,PRINTED RIBBON,2,Anti-Shrinkage TM2,1,6,MAQ120|PRINTED RIBBON|2|Anti-Shrinkage TM2|1
MAQ120,708,716,WOVEN LABEL OURELA FABRIC,12,Ironing TM1,0,8,MAQ120|WOVEN LABEL OURELA FABRIC|12|Ironing TM1|0
MAQ120,717,723,BRAIDED ELASTIC,13,Anti-Shrinkage TM2,0,6,MAQ120|BRAIDED ELASTIC|13|Anti-Shrinkage TM2|0
MAQ120,724,727,PRINTED RIBBON,18,Sublimation TM3,0,3,MAQ120|PRINTED RIBBON|18|Sublimation TM3|0
MAQ120,728,734,PRINTED RIBBON,18,Anti-Shrinkage TM2,1,6,MAQ120|PRINTED RIBBON|18|Anti-Shrinkage TM2|1
MAQ120,735,741,STRAP W/ STRIPES,9,Anti-Shrinkage TM2,2,6,MAQ120|STRAP W/ STRIPES|9|Anti-Shrinkage TM2|2
MAQ120,742,748,PRINTED RIBBON,19,Anti-Shrinkage TM2,1,6,MAQ120|PRINTED RIBBON|19|Anti-Shrinkage TM2|1
MAQ120,749,752,PRINTED RIBBON,15,Sublimation TM3,0,3,MAQ120|PRINTED RIBBON|15|Sublimation TM3|0
MAQ120,755,761,STRAP W/ STRIPES,8,Anti-Shrinkage TM2,2,6,MAQ120|STRAP W/ STRIPES|8|Anti-Shrinkage TM2|2
MAQ120,764,767,PRINTED RIBBON,22,Sublimation TM3,0,3,MAQ120|PRINTED RIBBON|22|Sublimation TM3|0
MAQ120,769,772,PRINTED RIBBON,27,Sublimation TM3,0,3,MAQ120|PRINTED RIBBON|27|Sublimation TM3|0
MAQ120,774,780,PRINTED RIBBON,9,Anti-Shrinkage TM2,1,6,MAQ120|PRINTED RIBBON|9|Anti-Shrinkage TM2|1
MAQ120,781,784,PRINTED RIBBON,8,Sublimation TM3,0,3,MAQ120|PRINTED RIBBON|8|Sublimation TM3|0
MAQ120,787,790,PRINTED RIBBON,6,Sublimation TM3,0,3,MAQ120|PRINTED RIBBON|6|Sublimation TM3|0
MAQ120,791,794,PRINTED RIBBON,13,Sublimation TM3,0,3,MAQ120|PRINTED RIBBON|13|Sublimation TM3|0
MAQ120,796,799,PRINTED RIBBON,23,Sublimation TM3,0,3,MAQ120|PRINTED RIBBON|23|Sublimation TM3|0
MAQ120,800,806,PRINTED RIBBON,6,Anti-Shrinkage TM2,1,6,MAQ120|PRINTED RIBBON|6|Anti-Shrinkage TM2|1
MAQ120,807,813,PRINTED RIBBON,3,Anti-Shrinkage TM2,1,6,MAQ120|PRINTED RIBBON|3|Anti-Shrinkage TM2|1
MAQ120,814,817,PRINTED RIBBON,4,Sublimation TM3,0,3,MAQ120|PRINTED RIBBON|4|Sublimation TM3|0
MAQ120,818,821,PRINTED RIBBON,17,Sublimation TM3,0,3,MAQ120|PRINTED RIBBON|17|Sublimation TM3|0
MAQ120,822,828,PRINTED RIBBON,8,Anti-Shrinkage TM2,1,6,MAQ120|PRINTED RIBBON|8|Anti-Shrinkage TM2|1
MAQ120,829,832,PRINTED RIBBON,21,Sublimation TM3,0,3,MAQ120|PRINTED RIBBON|21|Sublimation TM3|0
MAQ120,834,837,PRINTED RIBBON,0,Sublimation TM3,0,3,MAQ120|PRINTED RIBBON|0|Sublimation TM3|0
MAQ120,838,844,PRINTED RIBBON,17,Anti-Shrinkage TM2,1,6,MAQ120|PRINTED RIBBON|17|Anti-Shrinkage TM2|1
MAQ120,845,851,PRINTED RIBBON,0,Anti-Shrinkage TM2,1,6,MAQ120|PRINTED RIBBON|0|Anti-Shrinkage TM2|1
MAQ120,852,858,PRINTED RIBBON,13,Anti-Shrinkage TM2,1,6,MAQ120|PRINTED RIBBON|13|Anti-Shrinkage TM2|1
MAQ120,859,865,PRINTED RIBBON,20,Anti-Shrinkage TM2,1,6,MAQ120|PRINTED RIBBON|20|Anti-Shrinkage TM2|1
MAQ120,866,869,PRINTED RIBBON,1,Sublimation TM3,0,3,MAQ120|PRINTED RIBBON|1|Sublimation TM3|0
MAQ120,871,877,PRINTED RIBBON,1,Anti-Shrinkage TM2,1,6,MAQ120|PRINTED RIBBON|1|Anti-Shrinkage TM2|1
MAQ120,878,884,PRINTED RIBBON,22,Anti-Shrinkage TM2,1,6,MAQ120|PRINTED RIBBON|22|Anti-Shrinkage TM2|1
MAQ120,885,891,PRINTED RIBBON,4,Anti-Shrinkage TM2,1,6,MAQ120|PRINTED RIBBON|4|Anti-Shrinkage TM2|1
MAQ120,894,897,PRINTED RIBBON,16,Sublimation TM3,0,3,MAQ120|PRINTED RIBBON|16|Sublimation TM3|0
MAQ120,898,901,PRINTED RIBBON,26,Sublimation TM3,0,3,MAQ120|PRINTED RIBBON|26|Sublimation TM3|0
MAQ120,902,908,PRINTED RIBBON,25,Anti-Shrinkage TM2,1,6,MAQ120|PRINTED RIBBON|25|Anti-Shrinkage TM2|1
MAQ120,909,915,PRINTED RIBBON,21,Anti-Shrinkage TM2,1,6,MAQ120|PRINTED RIBBON|21|Anti-Shrinkage TM2|1
MAQ120,917,923,PRINTED RIBBON,16,Anti-Shrinkage TM2,1,6,MAQ120|PRINTED RIBBON|16|Anti-Shrinkage TM2|1
MAQ120,924,927,PRINTED RIBBON,7,Sublimation TM3,0,3,MAQ120|PRINTED RIBBON|7|Sublimation TM3|0
MAQ120,929,935,PRINTED RIBBON,15,Anti-Shrinkage TM2,1,6,MAQ120|PRINTED RIBBON|15|Anti-Shrinkage TM2|1
MAQ120,937,940,PRINTED RIBBON,28,Sublimation TM3,0,3,MAQ120|PRINTED RIBBON|28|Sublimation TM3|0
MAQ120,942,948,PRINTED RIBBON,23,Anti-Shrinkage TM2,1,6,MAQ120|PRINTED RIBBON|23|Anti-Shrinkage TM2|1
MAQ120,949,952,PRINTED RIBBON,24,Sublimation TM3,0,3,MAQ120|PRINTED RIBBON|24|Sublimation TM3|0
MAQ120,953,959,PRINTED RIBBON,26,Anti-Shrinkage TM2,1,6,MAQ120|PRINTED RIBBON|26|Anti-Shrinkage TM2|1
MAQ120,961,967,PRINTED RIBBON,7,Anti-Shrinkage TM2,1,6,MAQ120|PRINTED RIBBON|7|Anti-Shrinkage TM2|1
MAQ120,973,979,PRINTED RIBBON,24,Anti-Shrinkage TM2,1,6,MAQ120|PRINTED RIBBON|24|Anti-Shrinkage TM2|1
MAQ120,980,986,PRINTED RIBBON,27,Anti-Shrinkage TM2,1,6,MAQ120|PRINTED RIBBON|27|Anti-Shrinkage TM2|1
MAQ120,987,993,PRINTED RIBBON,28,Anti-Shrinkage TM2,1,6,MAQ120|PRINTED RIBBON|28|Anti-Shrinkage TM2|1
MAQ120,999,1002,PRINTED RIBBON,29,Sublimation TM3,0,3,MAQ120|PRINTED RIBBON|29|Sublimation TM3|0
MAQ120,1005,1011,PRINTED RIBBON,29,Anti-Shrinkage TM2,1,6,MAQ120|PRINTED RIBBON|29|Anti-Shrinkage TM2|1
